<employees>
    <employee>
        <name>William T. Strauss</name>
        <email>William@gmail.com</email>
        <address>2210 Roosevelt Road Pittsburg, KS 66762</address>
        <gender>Male</gender>
        <designation>Transmission technician</designation>
        <age>42</age>
    </employee>
    <employee>
        <name>David N. Bateman</name>
        <email>David@gmail.com</email>
        <address>3729 Sycamore Fork Road Miami, FL 33176</address>
        <gender>Male</gender>
        <designation>Vegetable cook</designation>
        <age>44</age>
    </employee>
    <employee>
        <name>Gail P. Robinson</name>
        <email>Gail@gmail.com</email>
        <address>991 Ashmor Drive Crookston, MN 56716</address>
        <gender>Female</gender>
        <designation>Personnel administrator</designation>
        <age>51</age>
    </employee>
    <employee>
        <name>James M. Cardin</name>
        <email>James@gmail.com</email>
        <address>120 Kuhl Avenue Atlanta, GA 30303</address>
        <gender>Male</gender>
        <designation>Switchboard operator</designation>
        <age>21</age>
    </employee>
    <employee>
        <name>Jason K. Peterson</name>
        <email>Jason@gmail.com</email>
        <address>1029 Lords Way Memphis, TN 38118</address>
        <gender>Male</gender>
        <designation>Pediatrician</designation>
        <age>43</age>
    </employee>
    <employee>
        <name>Penni G. Vazquez</name>
        <email>Penni@gmail.com</email>
        <address>1545 Whiteman Street Camden, NJ 08102</address>
        <gender>Female</gender>
        <designation>Tractor driver</designation>
        <age>33</age>
    </employee>
    <employee>
        <name>David A. Davis</name>
        <email>David@gmail.com</email>
        <address>617 Spirit Drive Port Orange, FL 32019</address>
        <gender>Male</gender>
        <designation>Oncology nurse</designation>
        <age>34</age>
    </employee>
      <employee>
        <name>Estelle A. Sawyer</name>
        <email>Estelle@gmail.com</email>
        <address>2613 Creekside Lane Santa Barbara, CA 93178</address>
        <gender>Female</gender>
        <designation>Dispatcher</designation>
        <age>39</age>
    </employee>
</employees>

